<?xml version="1.0" encoding="UTF-8"?>
<project-private xmlns="http://www.netbeans.org/ns/project-private/1">
    <editor-bookmarks xmlns="http://www.netbeans.org/ns/editor-bookmarks/2" lastBookmarkId="0"/>
    <open-files xmlns="http://www.netbeans.org/ns/projectui-open-files/2">
        <group>
            <file>file:/C:/Users/Junior/Downloads/SistemaElizecheSilva%20(2)/SistemaElizecheSilva/src/View/jDlgMarcas.java</file>
            <file>file:/C:/Users/Junior/Downloads/SistemaElizecheSilva%20(2)/SistemaElizecheSilva/src/View/jDlgProdutos.java</file>
            <file>file:/C:/Users/Junior/Downloads/SistemaElizecheSilva%20(2)/SistemaElizecheSilva/src/View/jDlgClientes.java</file>
            <file>file:/C:/Users/Junior/Downloads/SistemaElizecheSilva%20(2)/SistemaElizecheSilva/src/View/JFrmTela.java</file>
            <file>file:/C:/Users/Junior/Downloads/SistemaElizecheSilva%20(2)/SistemaElizecheSilva/src/View/JFrmPrincipal.java</file>
            <file>file:/C:/Users/Junior/Downloads/SistemaElizecheSilva%20(2)/SistemaElizecheSilva/src/View/jDlgUsuarios.java</file>
            <file>file:/C:/Users/Junior/Downloads/SistemaElizecheSilva%20(2)/SistemaElizecheSilva/src/View/jDlgCategorias.java</file>
        </group>
    </open-files>
</project-private>
